recommendation,great_pret,pretentious,usual
not_recom,3.1006944444444446,3.1326388888888888,3.1305555555555555
priority,2.625874125874126,3.039757412398922,3.1237006237006235
recommend,,,
spec_prior,3.3471810089020773,3.3757911392405062,3.401055408970976
very_recom,,2.0984848484848486,2.25
