,mean,std
,inc_grants,inc_grants
grant_type,,
G,11412787.0,22832202.734991174
N,134431.89,198873.72665601567
R,8098502.0,32044950.990858816
R/G,16648273.0,15835323.99322482
